GAME_ID,TEAM_ID,TEAM_ABBREVIATION,TEAM_CITY,PLAYER_ID,PLAYER_NAME,NICKNAME,START_POSITION,MIN,FGM,FGA,FG_PCT,FG3M,FG3A,FG3_PCT,FTM,FTA,FT_PCT,OREB,DREB,REB,AST,STL,BLK,TO,PF,PTS,PLUS_MINUS,SEASON_PLAYER_ID,SEASON_SEASON_ID,SEASON_LEAGUE_ID,SEASON_TEAM_ID,SEASON_TEAM_ABBREVIATION,SEASON_PLAYER_AGE,SEASON_GP,SEASON_GS,SEASON_MIN,SEASON_FGM,SEASON_FGA,SEASON_FG_PCT,SEASON_FG3M,SEASON_FG3A,SEASON_FG3_PCT,SEASON_FTM,SEASON_FTA,SEASON_FT_PCT,SEASON_OREB,SEASON_DREB,SEASON_REB,SEASON_AST,SEASON_STL,SEASON_BLK,SEASON_TOV,SEASON_PF,SEASON_PTS,RECENT_Player_ID,RECENT_MIN,RECENT_FGM,RECENT_FGA,RECENT_FG_PCT,RECENT_FG3M,RECENT_FG3A,RECENT_FG3_PCT,RECENT_FTM,RECENT_FTA,RECENT_FT_PCT,RECENT_OREB,RECENT_DREB,RECENT_REB,RECENT_AST,RECENT_STL,RECENT_BLK,RECENT_TOV,RECENT_PF,RECENT_PTS,RECENT_PLUS_MINUS,RECENT_VIDEO_AVAILABLE,TEAM_GROUP_SET,TEAM_GROUP_VALUE,TEAM_SEASON_YEAR,TEAM_GP,TEAM_W,TEAM_L,TEAM_W_PCT,TEAM_MIN,TEAM_FGM,TEAM_FGA,TEAM_FG_PCT,TEAM_FG3M,TEAM_FG3A,TEAM_FG3_PCT,TEAM_FTM,TEAM_FTA,TEAM_FT_PCT,TEAM_OREB,TEAM_DREB,TEAM_REB,TEAM_AST,TEAM_TOV,TEAM_STL,TEAM_BLK,TEAM_BLKA,TEAM_PF,TEAM_PFD,TEAM_PTS,TEAM_PLUS_MINUS,TEAM_GP_RANK,TEAM_W_RANK,TEAM_L_RANK,TEAM_W_PCT_RANK,TEAM_MIN_RANK,TEAM_FGM_RANK,TEAM_FGA_RANK,TEAM_FG_PCT_RANK,TEAM_FG3M_RANK,TEAM_FG3A_RANK,TEAM_FG3_PCT_RANK,TEAM_FTM_RANK,TEAM_FTA_RANK,TEAM_FT_PCT_RANK,TEAM_OREB_RANK,TEAM_DREB_RANK,TEAM_REB_RANK,TEAM_AST_RANK,TEAM_TOV_RANK,TEAM_STL_RANK,TEAM_BLK_RANK,TEAM_BLKA_RANK,TEAM_PF_RANK,TEAM_PFD_RANK,TEAM_PTS_RANK,TEAM_PLUS_MINUS_RANK,OPPONENT_GROUP_SET,OPPONENT_GROUP_VALUE,OPPONENT_SEASON_YEAR,OPPONENT_GP,OPPONENT_W,OPPONENT_L,OPPONENT_W_PCT,OPPONENT_MIN,OPPONENT_FGM,OPPONENT_FGA,OPPONENT_FG_PCT,OPPONENT_FG3M,OPPONENT_FG3A,OPPONENT_FG3_PCT,OPPONENT_FTM,OPPONENT_FTA,OPPONENT_FT_PCT,OPPONENT_OREB,OPPONENT_DREB,OPPONENT_REB,OPPONENT_AST,OPPONENT_TOV,OPPONENT_STL,OPPONENT_BLK,OPPONENT_BLKA,OPPONENT_PF,OPPONENT_PFD,OPPONENT_PTS,OPPONENT_PLUS_MINUS,OPPONENT_GP_RANK,OPPONENT_W_RANK,OPPONENT_L_RANK,OPPONENT_W_PCT_RANK,OPPONENT_MIN_RANK,OPPONENT_FGM_RANK,OPPONENT_FGA_RANK,OPPONENT_FG_PCT_RANK,OPPONENT_FG3M_RANK,OPPONENT_FG3A_RANK,OPPONENT_FG3_PCT_RANK,OPPONENT_FTM_RANK,OPPONENT_FTA_RANK,OPPONENT_FT_PCT_RANK,OPPONENT_OREB_RANK,OPPONENT_DREB_RANK,OPPONENT_REB_RANK,OPPONENT_AST_RANK,OPPONENT_TOV_RANK,OPPONENT_STL_RANK,OPPONENT_BLK_RANK,OPPONENT_BLKA_RANK,OPPONENT_PF_RANK,OPPONENT_PFD_RANK,OPPONENT_PTS_RANK,OPPONENT_PLUS_MINUS_RANK,AGAINT_OPP_Player_ID,AGAINT_OPP_MIN,AGAINT_OPP_FGM,AGAINT_OPP_FGA,AGAINT_OPP_FG_PCT,AGAINT_OPP_FG3M,AGAINT_OPP_FG3A,AGAINT_OPP_FG3_PCT,AGAINT_OPP_FTM,AGAINT_OPP_FTA,AGAINT_OPP_FT_PCT,AGAINT_OPP_OREB,AGAINT_OPP_DREB,AGAINT_OPP_REB,AGAINT_OPP_AST,AGAINT_OPP_STL,AGAINT_OPP_BLK,AGAINT_OPP_TOV,AGAINT_OPP_PF,AGAINT_OPP_PTS,AGAINT_OPP_PLUS_MINUS,AGAINT_OPP_VIDEO_AVAILABLE
22300885,1610612753,ORL,Orlando,1630532,Franz Wagner,Franz,F,30.000000:04,4.0,11.0,0.364,0.0,5.0,0.0,0.0,1.0,0.0,1.0,2.0,3.0,2.0,1.0,0.0,4.0,1.0,8.0,-3.0,1630532.0,2023-24,0.0,1610612753.0,ORL,22.0,72.0,72.0,2337.0,528.0,1096.0,0.482,94.0,334.0,0.281,271.0,319.0,0.85,72.0,309.0,381.0,269.0,76.0,28.0,137.0,168.0,1421.0,1630532.0,31.5,5.5,10.5,0.5225,0.0,2.5,0.0,2.5,3.5,0.8,1.0,4.5,5.5,3.5,1.0,2.0,3.5,2.5,13.5,16.0,1.0,Overall,2023-24,2023-24,82.0,47.0,35.0,0.573,3956.0,3318.0,6964.0,0.476,903.0,2568.0,0.352,1519.0,2002.0,0.759,861.0,2608.0,3469.0,2023.0,1206.0,669.0,423.0,379.0,1618.0,1710.0,9058.0,166.0,1.0,1.0,1.0,1.0,1.0,1.0,1.0,1.0,1.0,1.0,1.0,1.0,1.0,1.0,1.0,1.0,1.0,1.0,1.0,1.0,1.0,1.0,1.0,1.0,1.0,1.0,Overall,2023-24,2023-24,82.0,21.0,61.0,0.256,3946.0,3281.0,7133.0,0.46,989.0,2788.0,0.355,1189.0,1512.0,0.786,765.0,2538.0,3303.0,2033.0,1129.0,562.0,371.0,396.0,1472.0,1432.0,8740.0,-840.0,1.0,1.0,1.0,1.0,1.0,1.0,1.0,1.0,1.0,1.0,1.0,1.0,1.0,1.0,1.0,1.0,1.0,1.0,1.0,1.0,1.0,1.0,1.0,1.0,1.0,1.0,1630532.0,35.0,11.0,15.0,0.733,2.0,3.0,0.667,6.0,9.0,0.667,1.0,6.0,7.0,2.0,2.0,0.0,3.0,3.0,30.0,10.0,1.0
22300885,1610612753,ORL,Orlando,1631094,Paolo Banchero,Paolo,F,33.000000:12,9.0,19.0,0.474,2.0,5.0,0.4,2.0,2.0,1.0,0.0,5.0,5.0,3.0,0.0,0.0,5.0,1.0,22.0,1.0,1631094.0,2023-24,0.0,1610612753.0,ORL,21.0,80.0,80.0,2799.0,640.0,1407.0,0.455,119.0,351.0,0.339,405.0,559.0,0.725,82.0,472.0,554.0,431.0,71.0,47.0,247.0,153.0,1804.0,1631094.0,33.5,10.0,16.0,0.625,1.0,4.0,0.25,8.0,10.0,0.808,1.5,7.0,8.5,5.5,0.5,0.0,5.0,1.0,29.0,18.5,1.0,Overall,2023-24,2023-24,82.0,47.0,35.0,0.573,3956.0,3318.0,6964.0,0.476,903.0,2568.0,0.352,1519.0,2002.0,0.759,861.0,2608.0,3469.0,2023.0,1206.0,669.0,423.0,379.0,1618.0,1710.0,9058.0,166.0,1.0,1.0,1.0,1.0,1.0,1.0,1.0,1.0,1.0,1.0,1.0,1.0,1.0,1.0,1.0,1.0,1.0,1.0,1.0,1.0,1.0,1.0,1.0,1.0,1.0,1.0,Overall,2023-24,2023-24,82.0,21.0,61.0,0.256,3946.0,3281.0,7133.0,0.46,989.0,2788.0,0.355,1189.0,1512.0,0.786,765.0,2538.0,3303.0,2033.0,1129.0,562.0,371.0,396.0,1472.0,1432.0,8740.0,-840.0,1.0,1.0,1.0,1.0,1.0,1.0,1.0,1.0,1.0,1.0,1.0,1.0,1.0,1.0,1.0,1.0,1.0,1.0,1.0,1.0,1.0,1.0,1.0,1.0,1.0,1.0,1631094.0,37.0,9.0,18.0,0.5,2.0,5.0,0.4,3.0,6.0,0.5,0.0,7.0,7.0,8.0,2.0,0.0,2.0,2.0,23.0,8.0,1.0
22300885,1610612753,ORL,Orlando,203914,Gary Harris,Gary,G,21.000000:41,3.0,4.0,0.75,2.0,2.0,1.0,1.0,2.0,0.5,0.0,0.0,0.0,0.0,3.0,0.0,1.0,3.0,9.0,6.0,203914.0,2023-24,0.0,1610612753.0,ORL,29.0,54.0,27.0,1297.0,131.0,297.0,0.441,76.0,205.0,0.371,34.0,45.0,0.756,24.0,67.0,91.0,87.0,49.0,14.0,31.0,91.0,372.0,203914.0,26.5,4.0,6.5,0.6125,2.5,5.0,0.5,0.0,0.0,0.0,0.0,3.0,3.0,2.5,1.5,0.5,0.0,0.5,10.5,14.0,1.0,Overall,2023-24,2023-24,82.0,47.0,35.0,0.573,3956.0,3318.0,6964.0,0.476,903.0,2568.0,0.352,1519.0,2002.0,0.759,861.0,2608.0,3469.0,2023.0,1206.0,669.0,423.0,379.0,1618.0,1710.0,9058.0,166.0,1.0,1.0,1.0,1.0,1.0,1.0,1.0,1.0,1.0,1.0,1.0,1.0,1.0,1.0,1.0,1.0,1.0,1.0,1.0,1.0,1.0,1.0,1.0,1.0,1.0,1.0,Overall,2023-24,2023-24,82.0,21.0,61.0,0.256,3946.0,3281.0,7133.0,0.46,989.0,2788.0,0.355,1189.0,1512.0,0.786,765.0,2538.0,3303.0,2033.0,1129.0,562.0,371.0,396.0,1472.0,1432.0,8740.0,-840.0,1.0,1.0,1.0,1.0,1.0,1.0,1.0,1.0,1.0,1.0,1.0,1.0,1.0,1.0,1.0,1.0,1.0,1.0,1.0,1.0,1.0,1.0,1.0,1.0,1.0,1.0,203914.0,24.0,2.0,6.0,0.333,1.0,5.0,0.2,0.0,0.0,0.0,0.0,0.0,0.0,6.0,1.0,0.0,0.0,2.0,5.0,5.0,1.0
22300885,1610612753,ORL,Orlando,1630591,Jalen Suggs,Jalen,G,20.000000:26,2.0,4.0,0.5,0.0,2.0,0.0,0.0,1.0,0.0,0.0,4.0,4.0,3.0,1.0,0.0,1.0,4.0,4.0,5.0,1630591.0,2023-24,0.0,1610612753.0,ORL,23.0,75.0,75.0,2025.0,336.0,714.0,0.471,153.0,385.0,0.397,118.0,156.0,0.756,48.0,181.0,229.0,205.0,106.0,47.0,132.0,205.0,943.0,1630591.0,29.5,5.0,8.0,0.625,2.5,5.0,0.4519999999999999,0.5,1.0,0.25,0.0,3.5,3.5,2.5,1.0,1.0,3.0,5.0,13.0,18.5,1.0,Overall,2023-24,2023-24,82.0,47.0,35.0,0.573,3956.0,3318.0,6964.0,0.476,903.0,2568.0,0.352,1519.0,2002.0,0.759,861.0,2608.0,3469.0,2023.0,1206.0,669.0,423.0,379.0,1618.0,1710.0,9058.0,166.0,1.0,1.0,1.0,1.0,1.0,1.0,1.0,1.0,1.0,1.0,1.0,1.0,1.0,1.0,1.0,1.0,1.0,1.0,1.0,1.0,1.0,1.0,1.0,1.0,1.0,1.0,Overall,2023-24,2023-24,82.0,21.0,61.0,0.256,3946.0,3281.0,7133.0,0.46,989.0,2788.0,0.355,1189.0,1512.0,0.786,765.0,2538.0,3303.0,2033.0,1129.0,562.0,371.0,396.0,1472.0,1432.0,8740.0,-840.0,1.0,1.0,1.0,1.0,1.0,1.0,1.0,1.0,1.0,1.0,1.0,1.0,1.0,1.0,1.0,1.0,1.0,1.0,1.0,1.0,1.0,1.0,1.0,1.0,1.0,1.0,1630591.0,32.0,5.0,9.0,0.556,2.0,5.0,0.4,0.0,0.0,0.0,0.0,5.0,5.0,1.0,1.0,2.0,1.0,2.0,12.0,6.0,1.0
22300886,1610612738,BOS,Boston,1627759,Jaylen Brown,Jaylen,F,36.000000:35,8.0,20.0,0.4,3.0,7.0,0.429,2.0,2.0,1.0,2.0,1.0,3.0,4.0,0.0,0.0,1.0,3.0,21.0,9.0,1627759.0,2023-24,0.0,1610612738.0,BOS,27.0,70.0,70.0,2343.0,627.0,1256.0,0.499,145.0,410.0,0.354,211.0,300.0,0.703,84.0,303.0,387.0,249.0,83.0,37.0,166.0,185.0,1610.0,1627759.0,26.5,11.0,19.5,0.5645,3.5,7.5,0.45,1.5,1.5,1.0,1.0,4.0,5.0,4.0,1.0,0.0,0.5,2.5,27.0,25.5,1.0,Overall,2023-24,2023-24,82.0,64.0,18.0,0.78,3966.0,3601.0,7396.0,0.487,1351.0,3482.0,0.388,1334.0,1654.0,0.807,876.0,2923.0,3799.0,2207.0,979.0,557.0,538.0,304.0,1326.0,1416.0,9887.0,930.0,1.0,1.0,1.0,1.0,1.0,1.0,1.0,1.0,1.0,1.0,1.0,1.0,1.0,1.0,1.0,1.0,1.0,1.0,1.0,1.0,1.0,1.0,1.0,1.0,1.0,1.0,Overall,2023-24,2023-24,82.0,48.0,34.0,0.585,3961.0,3425.0,7147.0,0.479,1108.0,3016.0,0.367,1278.0,1671.0,0.765,807.0,2742.0,3549.0,2299.0,1112.0,605.0,380.0,410.0,1436.0,1536.0,9236.0,198.0,1.0,1.0,1.0,1.0,1.0,1.0,1.0,1.0,1.0,1.0,1.0,1.0,1.0,1.0,1.0,1.0,1.0,1.0,1.0,1.0,1.0,1.0,1.0,1.0,1.0,1.0,1627759.0,35.5,10.0,18.5,0.544,1.5,5.0,0.3,2.0,2.0,0.5,1.5,2.0,3.5,4.5,1.5,0.5,2.5,2.0,23.5,-1.0,1.0
22300886,1610612738,BOS,Boston,1628369,Jayson Tatum,Jayson,F,37.000000:31,8.0,21.0,0.381,5.0,9.0,0.556,5.0,6.0,0.833,2.0,11.0,13.0,2.0,0.0,0.0,2.0,3.0,26.0,-7.0,1628369.0,2023-24,0.0,1610612738.0,BOS,26.0,74.0,74.0,2645.0,672.0,1426.0,0.471,229.0,609.0,0.376,414.0,497.0,0.833,67.0,534.0,601.0,364.0,75.0,43.0,188.0,145.0,1987.0,1628369.0,31.0,9.5,16.0,0.609,4.5,7.0,0.678,6.0,6.0,1.0,0.0,5.5,5.5,4.0,0.5,0.5,2.0,2.0,29.5,28.5,1.0,Overall,2023-24,2023-24,82.0,64.0,18.0,0.78,3966.0,3601.0,7396.0,0.487,1351.0,3482.0,0.388,1334.0,1654.0,0.807,876.0,2923.0,3799.0,2207.0,979.0,557.0,538.0,304.0,1326.0,1416.0,9887.0,930.0,1.0,1.0,1.0,1.0,1.0,1.0,1.0,1.0,1.0,1.0,1.0,1.0,1.0,1.0,1.0,1.0,1.0,1.0,1.0,1.0,1.0,1.0,1.0,1.0,1.0,1.0,Overall,2023-24,2023-24,82.0,48.0,34.0,0.585,3961.0,3425.0,7147.0,0.479,1108.0,3016.0,0.367,1278.0,1671.0,0.765,807.0,2742.0,3549.0,2299.0,1112.0,605.0,380.0,410.0,1436.0,1536.0,9236.0,198.0,1.0,1.0,1.0,1.0,1.0,1.0,1.0,1.0,1.0,1.0,1.0,1.0,1.0,1.0,1.0,1.0,1.0,1.0,1.0,1.0,1.0,1.0,1.0,1.0,1.0,1.0,1628369.0,38.5,8.0,20.5,0.3884999999999999,2.5,9.5,0.261,7.5,8.5,0.875,1.5,9.0,10.5,4.0,0.0,2.5,3.5,2.0,26.0,5.5,1.0
22300886,1610612738,BOS,Boston,204001,Kristaps Porziņģis,Kristaps,C,32.000000:02,9.0,18.0,0.5,3.0,6.0,0.5,3.0,3.0,1.0,2.0,7.0,9.0,3.0,2.0,3.0,1.0,2.0,24.0,0.0,204001.0,2023-24,0.0,1610612738.0,BOS,28.0,57.0,57.0,1690.0,388.0,752.0,0.516,110.0,293.0,0.375,259.0,302.0,0.858,97.0,312.0,409.0,115.0,42.0,111.0,89.0,156.0,1145.0,204001.0,30.0,6.5,13.0,0.494,2.5,5.0,0.5,8.0,8.0,1.0,3.5,5.5,9.0,1.5,0.5,1.0,0.5,1.5,23.5,21.5,1.0,Overall,2023-24,2023-24,82.0,64.0,18.0,0.78,3966.0,3601.0,7396.0,0.487,1351.0,3482.0,0.388,1334.0,1654.0,0.807,876.0,2923.0,3799.0,2207.0,979.0,557.0,538.0,304.0,1326.0,1416.0,9887.0,930.0,1.0,1.0,1.0,1.0,1.0,1.0,1.0,1.0,1.0,1.0,1.0,1.0,1.0,1.0,1.0,1.0,1.0,1.0,1.0,1.0,1.0,1.0,1.0,1.0,1.0,1.0,Overall,2023-24,2023-24,82.0,48.0,34.0,0.585,3961.0,3425.0,7147.0,0.479,1108.0,3016.0,0.367,1278.0,1671.0,0.765,807.0,2742.0,3549.0,2299.0,1112.0,605.0,380.0,410.0,1436.0,1536.0,9236.0,198.0,1.0,1.0,1.0,1.0,1.0,1.0,1.0,1.0,1.0,1.0,1.0,1.0,1.0,1.0,1.0,1.0,1.0,1.0,1.0,1.0,1.0,1.0,1.0,1.0,1.0,1.0,204001.0,31.5,5.0,13.5,0.384,1.5,6.0,0.25,8.0,8.5,0.9375,2.0,6.0,8.0,1.5,1.0,2.0,3.0,1.5,19.5,-2.0,1.0
22300886,1610612738,BOS,Boston,1628401,Derrick White,Derrick,G,35.000000:17,1.0,5.0,0.2,0.0,2.0,0.0,1.0,1.0,1.0,2.0,4.0,6.0,7.0,0.0,4.0,2.0,0.0,3.0,4.0,1628401.0,2023-24,0.0,1610612738.0,BOS,29.0,73.0,73.0,2381.0,387.0,839.0,0.461,196.0,495.0,0.396,137.0,152.0,0.901,51.0,259.0,310.0,377.0,74.0,87.0,112.0,152.0,1107.0,1628401.0,26.0,5.0,8.0,0.6665,3.5,5.5,0.65,0.0,0.0,0.0,0.5,4.5,5.0,8.0,1.0,1.0,1.0,1.5,13.5,28.5,1.0,Overall,2023-24,2023-24,82.0,64.0,18.0,0.78,3966.0,3601.0,7396.0,0.487,1351.0,3482.0,0.388,1334.0,1654.0,0.807,876.0,2923.0,3799.0,2207.0,979.0,557.0,538.0,304.0,1326.0,1416.0,9887.0,930.0,1.0,1.0,1.0,1.0,1.0,1.0,1.0,1.0,1.0,1.0,1.0,1.0,1.0,1.0,1.0,1.0,1.0,1.0,1.0,1.0,1.0,1.0,1.0,1.0,1.0,1.0,Overall,2023-24,2023-24,82.0,48.0,34.0,0.585,3961.0,3425.0,7147.0,0.479,1108.0,3016.0,0.367,1278.0,1671.0,0.765,807.0,2742.0,3549.0,2299.0,1112.0,605.0,380.0,410.0,1436.0,1536.0,9236.0,198.0,1.0,1.0,1.0,1.0,1.0,1.0,1.0,1.0,1.0,1.0,1.0,1.0,1.0,1.0,1.0,1.0,1.0,1.0,1.0,1.0,1.0,1.0,1.0,1.0,1.0,1.0,1628401.0,36.0,5.0,9.5,0.528,3.5,6.0,0.5625,2.0,2.0,1.0,1.0,3.5,4.5,3.5,2.0,1.0,2.0,1.5,15.5,1.5,1.0
22300886,1610612738,BOS,Boston,201950,Jrue Holiday,Jrue,G,36.000000:13,5.0,9.0,0.556,2.0,6.0,0.333,0.0,0.0,0.0,2.0,2.0,4.0,5.0,2.0,0.0,4.0,1.0,12.0,-14.0,201950.0,2023-24,0.0,1610612738.0,BOS,34.0,69.0,69.0,2263.0,331.0,689.0,0.48,138.0,322.0,0.429,60.0,72.0,0.833,84.0,289.0,373.0,333.0,61.0,53.0,124.0,108.0,860.0,201950.0,26.5,3.5,6.5,0.548,2.0,3.0,0.6665,0.0,0.0,0.0,0.5,3.5,4.0,5.5,1.0,1.0,0.0,1.5,9.0,25.5,1.0,Overall,2023-24,2023-24,82.0,64.0,18.0,0.78,3966.0,3601.0,7396.0,0.487,1351.0,3482.0,0.388,1334.0,1654.0,0.807,876.0,2923.0,3799.0,2207.0,979.0,557.0,538.0,304.0,1326.0,1416.0,9887.0,930.0,1.0,1.0,1.0,1.0,1.0,1.0,1.0,1.0,1.0,1.0,1.0,1.0,1.0,1.0,1.0,1.0,1.0,1.0,1.0,1.0,1.0,1.0,1.0,1.0,1.0,1.0,Overall,2023-24,2023-24,82.0,48.0,34.0,0.585,3961.0,3425.0,7147.0,0.479,1108.0,3016.0,0.367,1278.0,1671.0,0.765,807.0,2742.0,3549.0,2299.0,1112.0,605.0,380.0,410.0,1436.0,1536.0,9236.0,198.0,1.0,1.0,1.0,1.0,1.0,1.0,1.0,1.0,1.0,1.0,1.0,1.0,1.0,1.0,1.0,1.0,1.0,1.0,1.0,1.0,1.0,1.0,1.0,1.0,1.0,1.0,201950.0,35.5,5.5,9.0,0.6034999999999999,2.0,4.0,0.4665,0.0,0.0,0.0,2.0,1.5,3.5,3.0,1.5,0.5,1.5,2.5,13.0,6.5,1.0
22300887,1610612755,PHI,Philadelphia,202699,Tobias Harris,Tobias,F,37.000000:23,8.0,16.0,0.5,1.0,3.0,0.333,1.0,2.0,0.5,1.0,8.0,9.0,4.0,0.0,0.0,2.0,0.0,18.0,-4.0,202699.0,2023-24,0.0,1610612755.0,PHI,31.0,70.0,70.0,2368.0,463.0,951.0,0.487,91.0,258.0,0.353,187.0,213.0,0.878,80.0,373.0,453.0,217.0,70.0,46.0,93.0,115.0,1204.0,202699.0,37.5,12.0,19.0,0.6315,4.0,7.0,0.5625,1.5,2.0,0.375,1.5,7.0,8.5,2.5,1.5,0.5,0.5,3.0,29.5,13.0,1.0,Overall,2023-24,2023-24,82.0,47.0,35.0,0.573,3956.0,3404.0,7331.0,0.464,992.0,2733.0,0.363,1597.0,1934.0,0.826,906.0,2616.0,3522.0,2041.0,984.0,694.0,492.0,503.0,1668.0,1519.0,9397.0,250.0,1.0,1.0,1.0,1.0,1.0,1.0,1.0,1.0,1.0,1.0,1.0,1.0,1.0,1.0,1.0,1.0,1.0,1.0,1.0,1.0,1.0,1.0,1.0,1.0,1.0,1.0,Overall,2023-24,2023-24,82.0,32.0,50.0,0.39,3961.0,3334.0,7307.0,0.456,1089.0,3010.0,0.362,1293.0,1711.0,0.756,938.0,2675.0,3613.0,2102.0,1076.0,556.0,424.0,409.0,1516.0,1496.0,9050.0,-237.0,1.0,1.0,1.0,1.0,1.0,1.0,1.0,1.0,1.0,1.0,1.0,1.0,1.0,1.0,1.0,1.0,1.0,1.0,1.0,1.0,1.0,1.0,1.0,1.0,1.0,1.0,202699.0,32.0,5.0,13.0,0.385,0.0,4.0,0.0,0.0,0.0,0.0,1.0,4.0,5.0,1.0,2.0,0.0,0.0,0.0,10.0,14.0,1.0
22300887,1610612755,PHI,Philadelphia,1628964,Mo Bamba,Mo,C,11.000000:46,2.0,5.0,0.4,0.0,0.0,0.0,0.0,0.0,0.0,1.0,2.0,3.0,0.0,0.0,1.0,2.0,4.0,4.0,-4.0,1628964.0,2023-24,0.0,1610612755.0,PHI,26.0,57.0,17.0,740.0,97.0,198.0,0.49,25.0,64.0,0.391,34.0,50.0,0.68,77.0,161.0,238.0,41.0,22.0,60.0,39.0,101.0,253.0,1628964.0,16.5,1.5,3.5,0.4585,0.0,0.5,0.0,2.0,2.0,0.5,2.5,4.0,6.5,1.0,0.5,1.0,1.0,1.5,5.0,2.0,1.0,Overall,2023-24,2023-24,82.0,47.0,35.0,0.573,3956.0,3404.0,7331.0,0.464,992.0,2733.0,0.363,1597.0,1934.0,0.826,906.0,2616.0,3522.0,2041.0,984.0,694.0,492.0,503.0,1668.0,1519.0,9397.0,250.0,1.0,1.0,1.0,1.0,1.0,1.0,1.0,1.0,1.0,1.0,1.0,1.0,1.0,1.0,1.0,1.0,1.0,1.0,1.0,1.0,1.0,1.0,1.0,1.0,1.0,1.0,Overall,2023-24,2023-24,82.0,32.0,50.0,0.39,3961.0,3334.0,7307.0,0.456,1089.0,3010.0,0.362,1293.0,1711.0,0.756,938.0,2675.0,3613.0,2102.0,1076.0,556.0,424.0,409.0,1516.0,1496.0,9050.0,-237.0,1.0,1.0,1.0,1.0,1.0,1.0,1.0,1.0,1.0,1.0,1.0,1.0,1.0,1.0,1.0,1.0,1.0,1.0,1.0,1.0,1.0,1.0,1.0,1.0,1.0,1.0,1628964.0,9.5,2.0,3.0,0.75,0.0,0.0,0.0,1.0,1.5,0.75,1.5,1.5,3.0,0.0,0.5,0.0,0.0,0.5,5.0,-1.5,1.0
22300888,1610612765,DET,Detroit,1641709,Ausar Thompson,Ausar,F,34.000000:26,3.0,7.0,0.429,0.0,2.0,0.0,3.0,4.0,0.75,0.0,6.0,6.0,2.0,0.0,2.0,0.0,0.0,9.0,-8.0,1641709.0,2023-24,0.0,1610612765.0,DET,21.0,63.0,38.0,1583.0,232.0,480.0,0.483,21.0,113.0,0.186,71.0,119.0,0.597,129.0,273.0,402.0,120.0,68.0,59.0,84.0,175.0,556.0,1641709.0,35.0,4.0,10.5,0.3725,1.5,4.5,0.417,2.0,3.0,0.625,1.0,5.5,6.5,2.0,4.0,1.5,1.5,1.5,11.5,-9.0,1.0,Overall,2023-24,2023-24,82.0,14.0,68.0,0.171,3951.0,3353.0,7236.0,0.463,906.0,2602.0,0.348,1398.0,1780.0,0.785,861.0,2692.0,3553.0,2088.0,1248.0,531.0,384.0,490.0,1688.0,1457.0,9010.0,-747.0,1.0,1.0,1.0,1.0,1.0,1.0,1.0,1.0,1.0,1.0,1.0,1.0,1.0,1.0,1.0,1.0,1.0,1.0,1.0,1.0,1.0,1.0,1.0,1.0,1.0,1.0,Overall,2023-24,2023-24,82.0,46.0,36.0,0.561,3951.0,3266.0,7022.0,0.465,1022.0,2765.0,0.37,1478.0,1806.0,0.818,766.0,2702.0,3468.0,2116.0,1038.0,617.0,280.0,388.0,1415.0,1550.0,9032.0,144.0,1.0,1.0,1.0,1.0,1.0,1.0,1.0,1.0,1.0,1.0,1.0,1.0,1.0,1.0,1.0,1.0,1.0,1.0,1.0,1.0,1.0,1.0,1.0,1.0,1.0,1.0,1641709.0,27.0,1.0,7.0,0.143,1.0,2.0,0.5,1.0,2.0,0.5,3.0,4.0,7.0,3.0,0.0,5.0,2.0,2.0,4.0,-14.0,1.0
22300888,1610612765,DET,Detroit,1630191,Isaiah Stewart,Isaiah,F,36.000000:22,5.0,9.0,0.556,1.0,4.0,0.25,2.0,2.0,1.0,2.0,4.0,6.0,2.0,1.0,0.0,0.0,1.0,13.0,-11.0,1630191.0,2023-24,0.0,1610612765.0,DET,23.0,46.0,45.0,1423.0,186.0,382.0,0.487,67.0,175.0,0.383,64.0,85.0,0.753,74.0,231.0,305.0,73.0,17.0,38.0,66.0,99.0,503.0,1630191.0,30.0,5.0,9.5,0.5355,2.5,5.0,0.4519999999999999,0.5,1.0,0.25,1.0,5.5,6.5,2.5,0.0,2.0,1.0,1.5,13.0,-10.0,1.0,Overall,2023-24,2023-24,82.0,14.0,68.0,0.171,3951.0,3353.0,7236.0,0.463,906.0,2602.0,0.348,1398.0,1780.0,0.785,861.0,2692.0,3553.0,2088.0,1248.0,531.0,384.0,490.0,1688.0,1457.0,9010.0,-747.0,1.0,1.0,1.0,1.0,1.0,1.0,1.0,1.0,1.0,1.0,1.0,1.0,1.0,1.0,1.0,1.0,1.0,1.0,1.0,1.0,1.0,1.0,1.0,1.0,1.0,1.0,Overall,2023-24,2023-24,82.0,46.0,36.0,0.561,3951.0,3266.0,7022.0,0.465,1022.0,2765.0,0.37,1478.0,1806.0,0.818,766.0,2702.0,3468.0,2116.0,1038.0,617.0,280.0,388.0,1415.0,1550.0,9032.0,144.0,1.0,1.0,1.0,1.0,1.0,1.0,1.0,1.0,1.0,1.0,1.0,1.0,1.0,1.0,1.0,1.0,1.0,1.0,1.0,1.0,1.0,1.0,1.0,1.0,1.0,1.0,1630191.0,35.0,6.0,11.0,0.545,2.0,3.0,0.667,0.0,0.0,0.0,6.0,8.0,14.0,2.0,0.0,0.0,1.0,3.0,14.0,7.0,1.0
22300888,1610612765,DET,Detroit,1631105,Jalen Duren,Jalen,C,31.000000:55,5.0,5.0,1.0,0.0,0.0,0.0,4.0,4.0,1.0,4.0,6.0,10.0,3.0,0.0,0.0,2.0,5.0,14.0,-8.0,1631105.0,2023-24,0.0,1610612765.0,DET,20.0,61.0,60.0,1777.0,349.0,564.0,0.619,0.0,4.0,0.0,143.0,181.0,0.79,192.0,517.0,709.0,147.0,33.0,47.0,129.0,192.0,841.0,1631105.0,28.0,4.0,8.0,0.5075,0.0,0.0,0.0,4.5,5.0,0.9285,2.5,4.5,7.0,2.0,0.5,0.5,2.0,4.0,12.5,-17.5,1.0,Overall,2023-24,2023-24,82.0,14.0,68.0,0.171,3951.0,3353.0,7236.0,0.463,906.0,2602.0,0.348,1398.0,1780.0,0.785,861.0,2692.0,3553.0,2088.0,1248.0,531.0,384.0,490.0,1688.0,1457.0,9010.0,-747.0,1.0,1.0,1.0,1.0,1.0,1.0,1.0,1.0,1.0,1.0,1.0,1.0,1.0,1.0,1.0,1.0,1.0,1.0,1.0,1.0,1.0,1.0,1.0,1.0,1.0,1.0,Overall,2023-24,2023-24,82.0,46.0,36.0,0.561,3951.0,3266.0,7022.0,0.465,1022.0,2765.0,0.37,1478.0,1806.0,0.818,766.0,2702.0,3468.0,2116.0,1038.0,617.0,280.0,388.0,1415.0,1550.0,9032.0,144.0,1.0,1.0,1.0,1.0,1.0,1.0,1.0,1.0,1.0,1.0,1.0,1.0,1.0,1.0,1.0,1.0,1.0,1.0,1.0,1.0,1.0,1.0,1.0,1.0,1.0,1.0,1631105.0,32.0,8.0,11.0,0.727,0.0,0.0,0.0,1.0,3.0,0.333,6.0,8.0,14.0,4.0,0.0,4.0,4.0,4.0,17.0,-4.0,1.0
22300888,1610612765,DET,Detroit,1631093,Jaden Ivey,Jaden,G,29.000000:14,6.0,15.0,0.4,0.0,5.0,0.0,4.0,5.0,0.8,0.0,2.0,2.0,4.0,1.0,1.0,2.0,1.0,16.0,-4.0,1631093.0,2023-24,0.0,1610612765.0,DET,22.0,77.0,61.0,2218.0,417.0,973.0,0.429,124.0,369.0,0.336,227.0,303.0,0.749,86.0,178.0,264.0,296.0,57.0,41.0,190.0,204.0,1185.0,1631093.0,28.0,4.5,14.0,0.313,0.5,7.0,0.0555,4.5,5.0,0.9165,1.0,1.0,2.0,2.0,0.0,0.5,0.5,4.5,14.0,-21.0,1.0,Overall,2023-24,2023-24,82.0,14.0,68.0,0.171,3951.0,3353.0,7236.0,0.463,906.0,2602.0,0.348,1398.0,1780.0,0.785,861.0,2692.0,3553.0,2088.0,1248.0,531.0,384.0,490.0,1688.0,1457.0,9010.0,-747.0,1.0,1.0,1.0,1.0,1.0,1.0,1.0,1.0,1.0,1.0,1.0,1.0,1.0,1.0,1.0,1.0,1.0,1.0,1.0,1.0,1.0,1.0,1.0,1.0,1.0,1.0,Overall,2023-24,2023-24,82.0,46.0,36.0,0.561,3951.0,3266.0,7022.0,0.465,1022.0,2765.0,0.37,1478.0,1806.0,0.818,766.0,2702.0,3468.0,2116.0,1038.0,617.0,280.0,388.0,1415.0,1550.0,9032.0,144.0,1.0,1.0,1.0,1.0,1.0,1.0,1.0,1.0,1.0,1.0,1.0,1.0,1.0,1.0,1.0,1.0,1.0,1.0,1.0,1.0,1.0,1.0,1.0,1.0,1.0,1.0,1631093.0,17.0,1.0,7.0,0.143,0.0,2.0,0.0,2.0,3.0,0.667,0.0,2.0,2.0,3.0,0.0,0.0,3.0,3.0,4.0,-2.0,1.0
22300888,1610612765,DET,Detroit,1630595,Cade Cunningham,Cade,G,33.000000:54,8.0,20.0,0.4,4.0,8.0,0.5,3.0,3.0,1.0,1.0,3.0,4.0,8.0,0.0,0.0,3.0,2.0,23.0,-6.0,1630595.0,2023-24,0.0,1610612765.0,DET,22.0,62.0,62.0,2074.0,524.0,1167.0,0.449,119.0,335.0,0.355,238.0,274.0,0.869,33.0,235.0,268.0,464.0,56.0,22.0,212.0,153.0,1405.0,1630595.0,30.0,5.0,15.5,0.3245,1.5,6.0,0.25,3.5,3.5,0.5,0.0,2.5,2.5,8.5,1.0,0.0,1.0,2.5,15.0,-9.0,1.0,Overall,2023-24,2023-24,82.0,14.0,68.0,0.171,3951.0,3353.0,7236.0,0.463,906.0,2602.0,0.348,1398.0,1780.0,0.785,861.0,2692.0,3553.0,2088.0,1248.0,531.0,384.0,490.0,1688.0,1457.0,9010.0,-747.0,1.0,1.0,1.0,1.0,1.0,1.0,1.0,1.0,1.0,1.0,1.0,1.0,1.0,1.0,1.0,1.0,1.0,1.0,1.0,1.0,1.0,1.0,1.0,1.0,1.0,1.0,Overall,2023-24,2023-24,82.0,46.0,36.0,0.561,3951.0,3266.0,7022.0,0.465,1022.0,2765.0,0.37,1478.0,1806.0,0.818,766.0,2702.0,3468.0,2116.0,1038.0,617.0,280.0,388.0,1415.0,1550.0,9032.0,144.0,1.0,1.0,1.0,1.0,1.0,1.0,1.0,1.0,1.0,1.0,1.0,1.0,1.0,1.0,1.0,1.0,1.0,1.0,1.0,1.0,1.0,1.0,1.0,1.0,1.0,1.0,1630595.0,36.0,13.0,27.0,0.481,4.0,9.0,0.444,0.0,0.0,0.0,0.0,3.0,3.0,9.0,1.0,1.0,3.0,5.0,30.0,-2.0,1.0
22300889,1610612737,ATL,Atlanta,1630180,Saddiq Bey,Saddiq,F,35.000000:54,6.0,15.0,0.4,1.0,7.0,0.143,4.0,4.0,1.0,4.0,5.0,9.0,2.0,1.0,1.0,1.0,0.0,17.0,3.0,1630180.0,2023-24,0.0,1610612737.0,ATL,25.0,63.0,51.0,2062.0,290.0,697.0,0.416,113.0,358.0,0.316,170.0,203.0,0.837,167.0,244.0,411.0,92.0,51.0,11.0,54.0,88.0,863.0,1630180.0,32.5,5.0,11.5,0.3964999999999999,1.0,4.0,0.1665,3.5,3.5,1.0,2.0,2.0,4.0,2.5,0.0,0.0,0.0,1.5,14.5,-5.5,1.0,Overall,2023-24,2023-24,82.0,36.0,46.0,0.439,3971.0,3529.0,7584.0,0.465,1125.0,3092.0,0.364,1520.0,1906.0,0.797,1024.0,2639.0,3663.0,2180.0,1110.0,615.0,369.0,461.0,1522.0,1594.0,9703.0,-179.0,1.0,1.0,1.0,1.0,1.0,1.0,1.0,1.0,1.0,1.0,1.0,1.0,1.0,1.0,1.0,1.0,1.0,1.0,1.0,1.0,1.0,1.0,1.0,1.0,1.0,1.0,Overall,2023-24,2023-24,82.0,50.0,32.0,0.61,3946.0,3385.0,7272.0,0.465,1083.0,2936.0,0.369,1396.0,1789.0,0.78,1039.0,2665.0,3704.0,1998.0,1085.0,612.0,336.0,431.0,1447.0,1565.0,9249.0,376.0,1.0,1.0,1.0,1.0,1.0,1.0,1.0,1.0,1.0,1.0,1.0,1.0,1.0,1.0,1.0,1.0,1.0,1.0,1.0,1.0,1.0,1.0,1.0,1.0,1.0,1.0,1630180.0,27.0,4.5,7.0,0.6,1.5,3.5,0.45,0.0,0.0,0.0,0.5,1.0,1.5,1.5,1.0,0.5,1.5,2.5,10.5,7.0,1.0
22300889,1610612737,ATL,Atlanta,1630552,Jalen Johnson,Jalen,F,38.000000:14,12.0,17.0,0.706,2.0,3.0,0.667,0.0,0.0,0.0,1.0,8.0,9.0,7.0,1.0,0.0,1.0,4.0,26.0,23.0,1630552.0,2023-24,0.0,1610612737.0,ATL,22.0,56.0,52.0,1889.0,359.0,702.0,0.511,71.0,200.0,0.355,107.0,147.0,0.728,74.0,414.0,488.0,203.0,67.0,47.0,101.0,133.0,896.0,1630552.0,34.0,4.0,12.0,0.3335,0.5,4.0,0.125,2.0,3.0,0.625,1.5,5.5,7.0,0.5,0.0,1.0,1.5,1.0,10.5,-24.0,1.0,Overall,2023-24,2023-24,82.0,36.0,46.0,0.439,3971.0,3529.0,7584.0,0.465,1125.0,3092.0,0.364,1520.0,1906.0,0.797,1024.0,2639.0,3663.0,2180.0,1110.0,615.0,369.0,461.0,1522.0,1594.0,9703.0,-179.0,1.0,1.0,1.0,1.0,1.0,1.0,1.0,1.0,1.0,1.0,1.0,1.0,1.0,1.0,1.0,1.0,1.0,1.0,1.0,1.0,1.0,1.0,1.0,1.0,1.0,1.0,Overall,2023-24,2023-24,82.0,50.0,32.0,0.61,3946.0,3385.0,7272.0,0.465,1083.0,2936.0,0.369,1396.0,1789.0,0.78,1039.0,2665.0,3704.0,1998.0,1085.0,612.0,336.0,431.0,1447.0,1565.0,9249.0,376.0,1.0,1.0,1.0,1.0,1.0,1.0,1.0,1.0,1.0,1.0,1.0,1.0,1.0,1.0,1.0,1.0,1.0,1.0,1.0,1.0,1.0,1.0,1.0,1.0,1.0,1.0,1630552.0,30.5,6.0,8.5,0.7015,2.0,3.0,0.5,0.5,1.5,0.1665,0.0,7.0,7.0,1.0,0.5,1.5,3.0,1.5,14.5,-7.0,1.0
22300889,1610612737,ATL,Atlanta,203991,Clint Capela,Clint,C,25.000000:29,5.0,11.0,0.455,0.0,0.0,0.0,3.0,4.0,0.75,3.0,6.0,9.0,3.0,0.0,1.0,1.0,2.0,13.0,13.0,203991.0,2023-24,0.0,1610612737.0,ATL,30.0,73.0,73.0,1883.0,353.0,618.0,0.571,0.0,1.0,0.0,130.0,206.0,0.631,335.0,441.0,776.0,91.0,43.0,106.0,74.0,164.0,836.0,203991.0,22.5,3.5,5.5,0.6605,0.0,0.0,0.0,2.0,2.5,0.875,3.5,4.5,8.0,1.5,0.5,2.0,2.5,3.0,9.0,-9.0,1.0,Overall,2023-24,2023-24,82.0,36.0,46.0,0.439,3971.0,3529.0,7584.0,0.465,1125.0,3092.0,0.364,1520.0,1906.0,0.797,1024.0,2639.0,3663.0,2180.0,1110.0,615.0,369.0,461.0,1522.0,1594.0,9703.0,-179.0,1.0,1.0,1.0,1.0,1.0,1.0,1.0,1.0,1.0,1.0,1.0,1.0,1.0,1.0,1.0,1.0,1.0,1.0,1.0,1.0,1.0,1.0,1.0,1.0,1.0,1.0,Overall,2023-24,2023-24,82.0,50.0,32.0,0.61,3946.0,3385.0,7272.0,0.465,1083.0,2936.0,0.369,1396.0,1789.0,0.78,1039.0,2665.0,3704.0,1998.0,1085.0,612.0,336.0,431.0,1447.0,1565.0,9249.0,376.0,1.0,1.0,1.0,1.0,1.0,1.0,1.0,1.0,1.0,1.0,1.0,1.0,1.0,1.0,1.0,1.0,1.0,1.0,1.0,1.0,1.0,1.0,1.0,1.0,1.0,1.0,203991.0,27.0,5.0,8.5,0.65,0.0,0.0,0.0,0.5,2.0,0.25,3.0,5.0,8.0,1.5,1.0,1.5,0.5,2.5,10.5,-15.0,1.0
22300889,1610612737,ATL,Atlanta,203992,Bogdan Bogdanović,Bogdan,G,30.000000:26,1.0,6.0,0.167,1.0,6.0,0.167,2.0,2.0,1.0,0.0,1.0,1.0,4.0,2.0,1.0,3.0,0.0,5.0,19.0,203992.0,2023-24,0.0,1610612737.0,ATL,31.0,79.0,33.0,2401.0,471.0,1100.0,0.428,240.0,641.0,0.374,151.0,164.0,0.921,53.0,219.0,272.0,247.0,96.0,26.0,112.0,179.0,1333.0,203992.0,33.5,4.0,13.0,0.308,2.0,6.5,0.2875,2.0,2.0,1.0,1.0,3.5,4.5,2.0,0.5,0.0,2.0,1.5,12.0,-23.0,1.0,Overall,2023-24,2023-24,82.0,36.0,46.0,0.439,3971.0,3529.0,7584.0,0.465,1125.0,3092.0,0.364,1520.0,1906.0,0.797,1024.0,2639.0,3663.0,2180.0,1110.0,615.0,369.0,461.0,1522.0,1594.0,9703.0,-179.0,1.0,1.0,1.0,1.0,1.0,1.0,1.0,1.0,1.0,1.0,1.0,1.0,1.0,1.0,1.0,1.0,1.0,1.0,1.0,1.0,1.0,1.0,1.0,1.0,1.0,1.0,Overall,2023-24,2023-24,82.0,50.0,32.0,0.61,3946.0,3385.0,7272.0,0.465,1083.0,2936.0,0.369,1396.0,1789.0,0.78,1039.0,2665.0,3704.0,1998.0,1085.0,612.0,336.0,431.0,1447.0,1565.0,9249.0,376.0,1.0,1.0,1.0,1.0,1.0,1.0,1.0,1.0,1.0,1.0,1.0,1.0,1.0,1.0,1.0,1.0,1.0,1.0,1.0,1.0,1.0,1.0,1.0,1.0,1.0,1.0,203992.0,27.5,7.0,13.0,0.539,4.0,10.0,0.404,4.0,4.0,0.5,0.5,1.5,2.0,3.0,1.5,0.5,1.5,3.5,22.0,5.5,1.0
22300889,1610612737,ATL,Atlanta,1627749,Dejounte Murray,Dejounte,G,36.000000:58,7.0,17.0,0.412,4.0,9.0,0.444,3.0,4.0,0.75,1.0,8.0,9.0,6.0,1.0,0.0,1.0,0.0,21.0,2.0,1627749.0,2023-24,0.0,1610612737.0,ATL,27.0,78.0,78.0,2783.0,672.0,1463.0,0.459,201.0,554.0,0.363,208.0,262.0,0.794,62.0,354.0,416.0,502.0,111.0,24.0,201.0,138.0,1753.0,1627749.0,33.5,9.5,19.0,0.5,2.0,6.5,0.325,3.0,5.5,0.5355,0.0,6.0,6.0,8.0,1.0,0.5,2.0,1.5,24.0,-18.0,1.0,Overall,2023-24,2023-24,82.0,36.0,46.0,0.439,3971.0,3529.0,7584.0,0.465,1125.0,3092.0,0.364,1520.0,1906.0,0.797,1024.0,2639.0,3663.0,2180.0,1110.0,615.0,369.0,461.0,1522.0,1594.0,9703.0,-179.0,1.0,1.0,1.0,1.0,1.0,1.0,1.0,1.0,1.0,1.0,1.0,1.0,1.0,1.0,1.0,1.0,1.0,1.0,1.0,1.0,1.0,1.0,1.0,1.0,1.0,1.0,Overall,2023-24,2023-24,82.0,50.0,32.0,0.61,3946.0,3385.0,7272.0,0.465,1083.0,2936.0,0.369,1396.0,1789.0,0.78,1039.0,2665.0,3704.0,1998.0,1085.0,612.0,336.0,431.0,1447.0,1565.0,9249.0,376.0,1.0,1.0,1.0,1.0,1.0,1.0,1.0,1.0,1.0,1.0,1.0,1.0,1.0,1.0,1.0,1.0,1.0,1.0,1.0,1.0,1.0,1.0,1.0,1.0,1.0,1.0,1627749.0,33.5,7.0,14.5,0.4855,0.0,3.0,0.0,1.5,3.0,0.5,1.0,5.0,6.0,4.0,1.0,0.5,1.0,1.0,15.5,-11.0,1.0
22300890,1610612740,NOP,New Orleans,1627742,Brandon Ingram,Brandon,F,25.000000:06,5.0,7.0,0.714,0.0,1.0,0.0,2.0,2.0,1.0,1.0,2.0,3.0,6.0,0.0,0.0,2.0,3.0,12.0,8.0,1627742.0,2023-24,0.0,1610612740.0,NOP,26.0,64.0,64.0,2103.0,500.0,1017.0,0.492,86.0,242.0,0.355,246.0,307.0,0.801,43.0,281.0,324.0,363.0,50.0,40.0,163.0,145.0,1332.0,1627742.0,29.5,10.5,20.5,0.5095000000000001,1.0,3.5,0.35,10.0,11.0,0.889,1.0,6.0,7.0,5.0,0.5,0.0,1.5,2.0,32.0,21.0,1.0,Overall,2023-24,2023-24,82.0,49.0,33.0,0.598,3941.0,3484.0,7165.0,0.486,1023.0,2673.0,0.383,1445.0,1873.0,0.771,852.0,2753.0,3605.0,2210.0,1067.0,684.0,378.0,424.0,1508.0,1507.0,9436.0,362.0,1.0,1.0,1.0,1.0,1.0,1.0,1.0,1.0,1.0,1.0,1.0,1.0,1.0,1.0,1.0,1.0,1.0,1.0,1.0,1.0,1.0,1.0,1.0,1.0,1.0,1.0,Overall,2023-24,2023-24,82.0,25.0,57.0,0.305,3961.0,3466.0,7356.0,0.471,942.0,2712.0,0.347,1339.0,1772.0,0.756,891.0,2607.0,3498.0,2335.0,1147.0,634.0,388.0,474.0,1509.0,1487.0,9213.0,-528.0,1.0,1.0,1.0,1.0,1.0,1.0,1.0,1.0,1.0,1.0,1.0,1.0,1.0,1.0,1.0,1.0,1.0,1.0,1.0,1.0,1.0,1.0,1.0,1.0,1.0,1.0,1627742.0,30.0,16.0,21.0,0.762,8.0,11.0,0.727,1.0,1.0,1.0,1.0,5.0,6.0,9.0,0.0,1.0,0.0,1.0,41.0,37.0,1.0
22300890,1610612740,NOP,New Orleans,1629627,Zion Williamson,Zion,F,25.000000:58,7.0,11.0,0.636,0.0,0.0,0.0,2.0,2.0,1.0,2.0,6.0,8.0,9.0,1.0,2.0,1.0,0.0,16.0,28.0,1629627.0,2023-24,0.0,1610612740.0,NOP,23.0,70.0,70.0,2207.0,624.0,1094.0,0.57,6.0,18.0,0.333,347.0,494.0,0.702,122.0,284.0,406.0,352.0,77.0,47.0,193.0,159.0,1601.0,1629627.0,26.5,6.5,13.0,0.5,0.5,1.0,0.25,2.0,4.5,0.45,1.0,2.0,3.0,5.5,0.0,0.0,3.0,1.0,15.5,-1.5,1.0,Overall,2023-24,2023-24,82.0,49.0,33.0,0.598,3941.0,3484.0,7165.0,0.486,1023.0,2673.0,0.383,1445.0,1873.0,0.771,852.0,2753.0,3605.0,2210.0,1067.0,684.0,378.0,424.0,1508.0,1507.0,9436.0,362.0,1.0,1.0,1.0,1.0,1.0,1.0,1.0,1.0,1.0,1.0,1.0,1.0,1.0,1.0,1.0,1.0,1.0,1.0,1.0,1.0,1.0,1.0,1.0,1.0,1.0,1.0,Overall,2023-24,2023-24,82.0,25.0,57.0,0.305,3961.0,3466.0,7356.0,0.471,942.0,2712.0,0.347,1339.0,1772.0,0.756,891.0,2607.0,3498.0,2335.0,1147.0,634.0,388.0,474.0,1509.0,1487.0,9213.0,-528.0,1.0,1.0,1.0,1.0,1.0,1.0,1.0,1.0,1.0,1.0,1.0,1.0,1.0,1.0,1.0,1.0,1.0,1.0,1.0,1.0,1.0,1.0,1.0,1.0,1.0,1.0,1629627.0,22.0,5.0,8.0,0.625,0.0,0.0,0.0,6.0,6.0,1.0,1.0,2.0,3.0,5.0,0.0,1.0,1.0,0.0,16.0,16.0,1.0
22300890,1610612740,NOP,New Orleans,202685,Jonas Valančiūnas,Jonas,C,20.000000:03,3.0,6.0,0.5,2.0,2.0,1.0,2.0,2.0,1.0,1.0,9.0,10.0,1.0,0.0,1.0,2.0,2.0,10.0,21.0,202685.0,2023-24,0.0,1610612740.0,NOP,32.0,82.0,82.0,1925.0,402.0,719.0,0.559,37.0,120.0,0.308,161.0,205.0,0.785,186.0,535.0,721.0,173.0,32.0,68.0,111.0,218.0,1002.0,202685.0,16.5,3.5,6.0,0.318,0.5,0.5,0.5,0.0,0.0,0.0,1.5,4.5,6.0,1.5,0.0,1.0,2.0,1.0,7.5,7.0,1.0,Overall,2023-24,2023-24,82.0,49.0,33.0,0.598,3941.0,3484.0,7165.0,0.486,1023.0,2673.0,0.383,1445.0,1873.0,0.771,852.0,2753.0,3605.0,2210.0,1067.0,684.0,378.0,424.0,1508.0,1507.0,9436.0,362.0,1.0,1.0,1.0,1.0,1.0,1.0,1.0,1.0,1.0,1.0,1.0,1.0,1.0,1.0,1.0,1.0,1.0,1.0,1.0,1.0,1.0,1.0,1.0,1.0,1.0,1.0,Overall,2023-24,2023-24,82.0,25.0,57.0,0.305,3961.0,3466.0,7356.0,0.471,942.0,2712.0,0.347,1339.0,1772.0,0.756,891.0,2607.0,3498.0,2335.0,1147.0,634.0,388.0,474.0,1509.0,1487.0,9213.0,-528.0,1.0,1.0,1.0,1.0,1.0,1.0,1.0,1.0,1.0,1.0,1.0,1.0,1.0,1.0,1.0,1.0,1.0,1.0,1.0,1.0,1.0,1.0,1.0,1.0,1.0,1.0,202685.0,20.0,4.0,14.0,0.286,0.0,0.0,0.0,2.0,2.0,1.0,8.0,4.0,12.0,3.0,0.0,0.0,0.0,1.0,10.0,13.0,1.0
22300890,1610612740,NOP,New Orleans,1630529,Herbert Jones,Herbert,G,25.000000:20,6.0,10.0,0.6,5.0,8.0,0.625,0.0,0.0,0.0,0.0,2.0,2.0,3.0,2.0,0.0,1.0,3.0,17.0,11.0,1630529.0,2023-24,0.0,1610612740.0,NOP,25.0,76.0,76.0,2321.0,293.0,588.0,0.498,114.0,273.0,0.418,137.0,158.0,0.867,74.0,198.0,272.0,199.0,105.0,62.0,93.0,224.0,837.0,1630529.0,32.0,4.0,6.5,0.653,0.5,1.5,0.1665,1.5,2.0,0.375,0.5,2.0,2.5,1.0,1.0,0.5,0.0,3.0,10.0,19.0,1.0,Overall,2023-24,2023-24,82.0,49.0,33.0,0.598,3941.0,3484.0,7165.0,0.486,1023.0,2673.0,0.383,1445.0,1873.0,0.771,852.0,2753.0,3605.0,2210.0,1067.0,684.0,378.0,424.0,1508.0,1507.0,9436.0,362.0,1.0,1.0,1.0,1.0,1.0,1.0,1.0,1.0,1.0,1.0,1.0,1.0,1.0,1.0,1.0,1.0,1.0,1.0,1.0,1.0,1.0,1.0,1.0,1.0,1.0,1.0,Overall,2023-24,2023-24,82.0,25.0,57.0,0.305,3961.0,3466.0,7356.0,0.471,942.0,2712.0,0.347,1339.0,1772.0,0.756,891.0,2607.0,3498.0,2335.0,1147.0,634.0,388.0,474.0,1509.0,1487.0,9213.0,-528.0,1.0,1.0,1.0,1.0,1.0,1.0,1.0,1.0,1.0,1.0,1.0,1.0,1.0,1.0,1.0,1.0,1.0,1.0,1.0,1.0,1.0,1.0,1.0,1.0,1.0,1.0,1630529.0,22.0,3.0,7.0,0.429,1.0,4.0,0.25,0.0,0.0,0.0,2.0,0.0,2.0,2.0,1.0,0.0,1.0,1.0,7.0,15.0,1.0
22300890,1610612740,NOP,New Orleans,203468,CJ McCollum,CJ,G,22.000000:30,4.0,11.0,0.364,3.0,9.0,0.333,0.0,0.0,0.0,0.0,4.0,4.0,4.0,0.0,0.0,1.0,2.0,11.0,3.0,203468.0,2023-24,0.0,1610612740.0,NOP,32.0,66.0,66.0,2159.0,484.0,1055.0,0.459,239.0,557.0,0.429,115.0,139.0,0.827,39.0,247.0,286.0,305.0,62.0,41.0,110.0,126.0,1322.0,203468.0,29.5,7.0,16.0,0.442,4.5,7.5,0.598,0.0,0.0,0.0,1.0,4.0,5.0,2.0,1.0,1.0,0.5,2.5,18.5,5.5,1.0,Overall,2023-24,2023-24,82.0,49.0,33.0,0.598,3941.0,3484.0,7165.0,0.486,1023.0,2673.0,0.383,1445.0,1873.0,0.771,852.0,2753.0,3605.0,2210.0,1067.0,684.0,378.0,424.0,1508.0,1507.0,9436.0,362.0,1.0,1.0,1.0,1.0,1.0,1.0,1.0,1.0,1.0,1.0,1.0,1.0,1.0,1.0,1.0,1.0,1.0,1.0,1.0,1.0,1.0,1.0,1.0,1.0,1.0,1.0,Overall,2023-24,2023-24,82.0,25.0,57.0,0.305,3961.0,3466.0,7356.0,0.471,942.0,2712.0,0.347,1339.0,1772.0,0.756,891.0,2607.0,3498.0,2335.0,1147.0,634.0,388.0,474.0,1509.0,1487.0,9213.0,-528.0,1.0,1.0,1.0,1.0,1.0,1.0,1.0,1.0,1.0,1.0,1.0,1.0,1.0,1.0,1.0,1.0,1.0,1.0,1.0,1.0,1.0,1.0,1.0,1.0,1.0,1.0,203468.0,23.0,7.0,12.0,0.583,6.0,10.0,0.6,0.0,0.0,0.0,1.0,5.0,6.0,3.0,2.0,0.0,0.0,1.0,20.0,15.0,1.0
22300891,1610612759,SAS,San Antonio,1630577,Julian Champagnie,Julian,F,10.000000:26,0.0,1.0,0.0,0.0,1.0,0.0,0.0,0.0,0.0,0.0,2.0,2.0,0.0,0.0,0.0,1.0,0.0,0.0,-6.0,1630577.0,2023-24,0.0,1610612759.0,SAS,23.0,74.0,59.0,1468.0,164.0,402.0,0.408,101.0,277.0,0.365,75.0,92.0,0.815,42.0,164.0,206.0,103.0,48.0,42.0,57.0,77.0,504.0,1630577.0,19.0,2.0,4.5,0.4165,1.0,3.0,0.333,1.5,1.5,0.5,0.5,2.0,2.5,1.0,0.5,1.0,0.0,0.5,6.5,8.5,1.0,Overall,2023-24,2023-24,82.0,22.0,60.0,0.268,3966.0,3438.0,7436.0,0.462,1036.0,2983.0,0.347,1280.0,1637.0,0.782,849.0,2778.0,3627.0,2449.0,1242.0,584.0,520.0,380.0,1414.0,1470.0,9192.0,-532.0,1.0,1.0,1.0,1.0,1.0,1.0,1.0,1.0,1.0,1.0,1.0,1.0,1.0,1.0,1.0,1.0,1.0,1.0,1.0,1.0,1.0,1.0,1.0,1.0,1.0,1.0,Overall,2023-24,2023-24,82.0,41.0,41.0,0.5,3971.0,3425.0,7459.0,0.459,1043.0,2964.0,0.352,1482.0,1916.0,0.773,940.0,2787.0,3727.0,2035.0,1045.0,639.0,375.0,482.0,1702.0,1609.0,9375.0,92.0,1.0,1.0,1.0,1.0,1.0,1.0,1.0,1.0,1.0,1.0,1.0,1.0,1.0,1.0,1.0,1.0,1.0,1.0,1.0,1.0,1.0,1.0,1.0,1.0,1.0,1.0,1630577.0,8.0,0.0,1.0,0.0,0.0,1.0,0.0,0.0,0.0,0.0,0.0,1.0,1.0,0.0,0.0,0.0,0.0,1.0,0.0,-2.0,1.0
22300891,1610612759,SAS,San Antonio,1631110,Jeremy Sochan,Jeremy,F,33.000000:36,5.0,14.0,0.357,1.0,6.0,0.167,4.0,4.0,1.0,3.0,5.0,8.0,3.0,0.0,0.0,2.0,2.0,15.0,-17.0,1631110.0,2023-24,0.0,1610612759.0,SAS,21.0,74.0,73.0,2193.0,340.0,776.0,0.438,70.0,227.0,0.308,111.0,144.0,0.771,137.0,339.0,476.0,249.0,62.0,40.0,140.0,168.0,861.0,1631110.0,33.0,7.0,11.0,0.6605,1.5,3.0,0.25,1.0,1.0,0.5,2.0,7.0,9.0,2.0,0.0,0.5,1.0,3.0,16.5,10.5,1.0,Overall,2023-24,2023-24,82.0,22.0,60.0,0.268,3966.0,3438.0,7436.0,0.462,1036.0,2983.0,0.347,1280.0,1637.0,0.782,849.0,2778.0,3627.0,2449.0,1242.0,584.0,520.0,380.0,1414.0,1470.0,9192.0,-532.0,1.0,1.0,1.0,1.0,1.0,1.0,1.0,1.0,1.0,1.0,1.0,1.0,1.0,1.0,1.0,1.0,1.0,1.0,1.0,1.0,1.0,1.0,1.0,1.0,1.0,1.0,Overall,2023-24,2023-24,82.0,41.0,41.0,0.5,3971.0,3425.0,7459.0,0.459,1043.0,2964.0,0.352,1482.0,1916.0,0.773,940.0,2787.0,3727.0,2035.0,1045.0,639.0,375.0,482.0,1702.0,1609.0,9375.0,92.0,1.0,1.0,1.0,1.0,1.0,1.0,1.0,1.0,1.0,1.0,1.0,1.0,1.0,1.0,1.0,1.0,1.0,1.0,1.0,1.0,1.0,1.0,1.0,1.0,1.0,1.0,1631110.0,30.5,4.0,10.0,0.4145,0.5,3.0,0.1,2.0,2.0,0.5,1.5,4.0,5.5,3.0,1.5,0.0,2.0,2.5,10.5,-8.0,1.0
22300891,1610612759,SAS,San Antonio,1641705,Victor Wembanyama,Victor,C,30.000000:30,4.0,10.0,0.4,2.0,5.0,0.4,0.0,0.0,0.0,2.0,9.0,11.0,3.0,0.0,7.0,6.0,4.0,10.0,-12.0,1641705.0,2023-24,0.0,1610612759.0,SAS,20.0,71.0,71.0,2106.0,551.0,1186.0,0.465,128.0,394.0,0.325,292.0,367.0,0.796,161.0,594.0,755.0,274.0,88.0,254.0,260.0,153.0,1522.0,1641705.0,31.5,10.0,17.0,0.5880000000000001,4.0,5.5,0.732,5.5,7.0,0.7855,2.5,10.0,12.5,6.5,1.5,5.5,2.5,2.0,29.5,18.0,1.0,Overall,2023-24,2023-24,82.0,22.0,60.0,0.268,3966.0,3438.0,7436.0,0.462,1036.0,2983.0,0.347,1280.0,1637.0,0.782,849.0,2778.0,3627.0,2449.0,1242.0,584.0,520.0,380.0,1414.0,1470.0,9192.0,-532.0,1.0,1.0,1.0,1.0,1.0,1.0,1.0,1.0,1.0,1.0,1.0,1.0,1.0,1.0,1.0,1.0,1.0,1.0,1.0,1.0,1.0,1.0,1.0,1.0,1.0,1.0,Overall,2023-24,2023-24,82.0,41.0,41.0,0.5,3971.0,3425.0,7459.0,0.459,1043.0,2964.0,0.352,1482.0,1916.0,0.773,940.0,2787.0,3727.0,2035.0,1045.0,639.0,375.0,482.0,1702.0,1609.0,9375.0,92.0,1.0,1.0,1.0,1.0,1.0,1.0,1.0,1.0,1.0,1.0,1.0,1.0,1.0,1.0,1.0,1.0,1.0,1.0,1.0,1.0,1.0,1.0,1.0,1.0,1.0,1.0,1641705.0,32.0,7.0,17.0,0.4175,0.5,6.0,0.0835,3.5,4.5,0.4375,3.5,11.5,15.0,2.0,1.5,4.0,4.5,2.5,18.0,-1.5,1.0
22300891,1610612759,SAS,San Antonio,1630170,Devin Vassell,Devin,G,39.000000:36,9.0,19.0,0.474,1.0,5.0,0.2,3.0,4.0,0.75,2.0,6.0,8.0,3.0,0.0,1.0,3.0,1.0,22.0,-15.0,1630170.0,2023-24,0.0,1610612759.0,SAS,23.0,68.0,62.0,2248.0,498.0,1056.0,0.472,166.0,446.0,0.372,161.0,201.0,0.801,27.0,234.0,261.0,277.0,73.0,23.0,108.0,74.0,1323.0,1630170.0,37.5,9.5,20.0,0.475,2.5,6.5,0.393,1.0,1.5,0.75,1.0,5.0,6.0,7.0,1.5,1.0,2.5,1.0,22.5,12.0,1.0,Overall,2023-24,2023-24,82.0,22.0,60.0,0.268,3966.0,3438.0,7436.0,0.462,1036.0,2983.0,0.347,1280.0,1637.0,0.782,849.0,2778.0,3627.0,2449.0,1242.0,584.0,520.0,380.0,1414.0,1470.0,9192.0,-532.0,1.0,1.0,1.0,1.0,1.0,1.0,1.0,1.0,1.0,1.0,1.0,1.0,1.0,1.0,1.0,1.0,1.0,1.0,1.0,1.0,1.0,1.0,1.0,1.0,1.0,1.0,Overall,2023-24,2023-24,82.0,41.0,41.0,0.5,3971.0,3425.0,7459.0,0.459,1043.0,2964.0,0.352,1482.0,1916.0,0.773,940.0,2787.0,3727.0,2035.0,1045.0,639.0,375.0,482.0,1702.0,1609.0,9375.0,92.0,1.0,1.0,1.0,1.0,1.0,1.0,1.0,1.0,1.0,1.0,1.0,1.0,1.0,1.0,1.0,1.0,1.0,1.0,1.0,1.0,1.0,1.0,1.0,1.0,1.0,1.0,1630170.0,35.5,6.0,14.5,0.4255,2.0,8.0,0.27,5.5,8.0,0.6635,1.5,3.0,4.5,2.0,0.0,0.0,0.5,0.5,19.5,1.5,1.0
22300891,1610612759,SAS,San Antonio,1630200,Tre Jones,Tre,G,20.000000:51,2.0,7.0,0.286,0.0,3.0,0.0,0.0,0.0,0.0,1.0,3.0,4.0,5.0,0.0,0.0,1.0,0.0,4.0,-5.0,1630200.0,2023-24,0.0,1610612759.0,SAS,24.0,77.0,48.0,2138.0,303.0,600.0,0.505,64.0,191.0,0.335,101.0,118.0,0.856,58.0,231.0,289.0,478.0,78.0,9.0,116.0,92.0,771.0,1630200.0,31.5,3.0,5.5,0.3335,1.5,2.5,0.3,2.0,2.0,1.0,0.5,3.0,3.5,6.0,0.5,0.5,0.0,1.0,9.5,18.5,1.0,Overall,2023-24,2023-24,82.0,22.0,60.0,0.268,3966.0,3438.0,7436.0,0.462,1036.0,2983.0,0.347,1280.0,1637.0,0.782,849.0,2778.0,3627.0,2449.0,1242.0,584.0,520.0,380.0,1414.0,1470.0,9192.0,-532.0,1.0,1.0,1.0,1.0,1.0,1.0,1.0,1.0,1.0,1.0,1.0,1.0,1.0,1.0,1.0,1.0,1.0,1.0,1.0,1.0,1.0,1.0,1.0,1.0,1.0,1.0,Overall,2023-24,2023-24,82.0,41.0,41.0,0.5,3971.0,3425.0,7459.0,0.459,1043.0,2964.0,0.352,1482.0,1916.0,0.773,940.0,2787.0,3727.0,2035.0,1045.0,639.0,375.0,482.0,1702.0,1609.0,9375.0,92.0,1.0,1.0,1.0,1.0,1.0,1.0,1.0,1.0,1.0,1.0,1.0,1.0,1.0,1.0,1.0,1.0,1.0,1.0,1.0,1.0,1.0,1.0,1.0,1.0,1.0,1.0,1630200.0,24.5,1.5,4.5,0.1875,0.0,2.0,0.0,1.5,2.5,0.3,1.5,1.5,3.0,5.0,2.0,0.0,0.0,0.5,4.5,5.0,1.0
22300892,1610612754,IND,Indiana,1627783,Pascal Siakam,Pascal,F,31.000000:56,5.0,11.0,0.455,0.0,0.0,0.0,3.0,3.0,1.0,5.0,8.0,13.0,6.0,0.0,1.0,1.0,0.0,13.0,11.0,1627783.0,2023-24,0.0,1610612761.0,TOR,30.0,39.0,39.0,1354.0,325.0,623.0,0.522,46.0,145.0,0.317,169.0,223.0,0.758,54.0,192.0,246.0,190.0,32.0,10.0,83.0,87.0,865.0,1627783.0,29.0,7.5,13.5,0.544,1.0,3.0,0.375,0.5,1.0,0.25,1.5,3.5,5.0,2.0,0.5,0.0,1.5,3.0,16.5,-29.0,1.0,Overall,2023-24,2023-24,82.0,47.0,35.0,0.573,3941.0,3855.0,7599.0,0.507,1082.0,2891.0,0.374,1318.0,1685.0,0.782,827.0,2578.0,3405.0,2522.0,1059.0,631.0,481.0,440.0,1756.0,1501.0,10110.0,250.0,1.0,1.0,1.0,1.0,1.0,1.0,1.0,1.0,1.0,1.0,1.0,1.0,1.0,1.0,1.0,1.0,1.0,1.0,1.0,1.0,1.0,1.0,1.0,1.0,1.0,1.0,Overall,2023-24,2023-24,82.0,50.0,32.0,0.61,3941.0,3535.0,7352.0,0.481,1197.0,3242.0,0.369,1397.0,1842.0,0.758,797.0,2724.0,3521.0,2106.0,1027.0,563.0,406.0,331.0,1500.0,1667.0,9664.0,181.0,1.0,1.0,1.0,1.0,1.0,1.0,1.0,1.0,1.0,1.0,1.0,1.0,1.0,1.0,1.0,1.0,1.0,1.0,1.0,1.0,1.0,1.0,1.0,1.0,1.0,1.0,1627783.0,29.0,5.0,11.0,0.455,0.0,2.0,0.0,2.0,2.0,1.0,0.0,9.0,9.0,2.0,2.0,0.0,0.0,1.0,12.0,6.0,1.0
22300892,1610612754,IND,Indiana,1626167,Myles Turner,Myles,C,27.000000:39,7.0,14.0,0.5,1.0,5.0,0.2,5.0,6.0,0.833,0.0,4.0,4.0,2.0,0.0,0.0,0.0,1.0,20.0,16.0,1626167.0,2023-24,0.0,1610612754.0,IND,28.0,77.0,77.0,2076.0,476.0,909.0,0.524,116.0,324.0,0.358,245.0,317.0,0.773,113.0,420.0,533.0,100.0,39.0,144.0,109.0,232.0,1313.0,1626167.0,24.5,5.5,13.5,0.4265,2.0,5.0,0.222,1.0,2.0,0.25,2.5,5.0,7.5,0.0,0.0,2.0,2.0,2.5,14.0,-10.5,1.0,Overall,2023-24,2023-24,82.0,47.0,35.0,0.573,3941.0,3855.0,7599.0,0.507,1082.0,2891.0,0.374,1318.0,1685.0,0.782,827.0,2578.0,3405.0,2522.0,1059.0,631.0,481.0,440.0,1756.0,1501.0,10110.0,250.0,1.0,1.0,1.0,1.0,1.0,1.0,1.0,1.0,1.0,1.0,1.0,1.0,1.0,1.0,1.0,1.0,1.0,1.0,1.0,1.0,1.0,1.0,1.0,1.0,1.0,1.0,Overall,2023-24,2023-24,82.0,50.0,32.0,0.61,3941.0,3535.0,7352.0,0.481,1197.0,3242.0,0.369,1397.0,1842.0,0.758,797.0,2724.0,3521.0,2106.0,1027.0,563.0,406.0,331.0,1500.0,1667.0,9664.0,181.0,1.0,1.0,1.0,1.0,1.0,1.0,1.0,1.0,1.0,1.0,1.0,1.0,1.0,1.0,1.0,1.0,1.0,1.0,1.0,1.0,1.0,1.0,1.0,1.0,1.0,1.0,1626167.0,30.0,10.0,15.0,0.667,2.0,7.0,0.286,11.0,12.0,0.917,2.0,6.0,8.0,1.0,0.0,0.0,4.0,2.0,33.0,7.0,1.0
22300892,1610612754,IND,Indiana,1629614,Andrew Nembhard,Andrew,G,24.000000:40,4.0,4.0,1.0,2.0,2.0,1.0,0.0,0.0,0.0,0.0,3.0,3.0,5.0,1.0,0.0,1.0,2.0,10.0,8.0,1629614.0,2023-24,0.0,1610612754.0,IND,24.0,68.0,47.0,1697.0,260.0,522.0,0.498,61.0,171.0,0.357,45.0,56.0,0.804,36.0,105.0,141.0,280.0,63.0,6.0,101.0,143.0,626.0,1629614.0,25.5,3.5,9.5,0.381,1.5,5.0,0.375,0.0,0.0,0.0,1.0,0.5,1.5,2.5,2.5,0.0,1.5,2.0,8.5,-19.5,1.0,Overall,2023-24,2023-24,82.0,47.0,35.0,0.573,3941.0,3855.0,7599.0,0.507,1082.0,2891.0,0.374,1318.0,1685.0,0.782,827.0,2578.0,3405.0,2522.0,1059.0,631.0,481.0,440.0,1756.0,1501.0,10110.0,250.0,1.0,1.0,1.0,1.0,1.0,1.0,1.0,1.0,1.0,1.0,1.0,1.0,1.0,1.0,1.0,1.0,1.0,1.0,1.0,1.0,1.0,1.0,1.0,1.0,1.0,1.0,Overall,2023-24,2023-24,82.0,50.0,32.0,0.61,3941.0,3535.0,7352.0,0.481,1197.0,3242.0,0.369,1397.0,1842.0,0.758,797.0,2724.0,3521.0,2106.0,1027.0,563.0,406.0,331.0,1500.0,1667.0,9664.0,181.0,1.0,1.0,1.0,1.0,1.0,1.0,1.0,1.0,1.0,1.0,1.0,1.0,1.0,1.0,1.0,1.0,1.0,1.0,1.0,1.0,1.0,1.0,1.0,1.0,1.0,1.0,1629614.0,33.0,7.0,8.0,0.875,1.0,1.0,1.0,0.0,0.0,0.0,1.0,2.0,3.0,2.0,1.0,0.0,0.0,1.0,15.0,8.0,1.0
22300892,1610612754,IND,Indiana,1630169,Tyrese Haliburton,Tyrese,G,31.000000:35,8.0,15.0,0.533,3.0,10.0,0.3,0.0,0.0,0.0,1.0,5.0,6.0,11.0,0.0,1.0,2.0,2.0,19.0,18.0,1630169.0,2023-24,0.0,1610612754.0,IND,24.0,69.0,68.0,2224.0,500.0,1048.0,0.477,195.0,535.0,0.364,194.0,227.0,0.855,35.0,236.0,271.0,752.0,83.0,48.0,159.0,75.0,1389.0,1630169.0,29.5,2.0,11.5,0.125,0.0,6.0,0.0,2.0,2.0,0.5,1.5,3.0,4.5,5.5,0.0,0.5,1.0,0.0,6.0,-27.0,1.0,Overall,2023-24,2023-24,82.0,47.0,35.0,0.573,3941.0,3855.0,7599.0,0.507,1082.0,2891.0,0.374,1318.0,1685.0,0.782,827.0,2578.0,3405.0,2522.0,1059.0,631.0,481.0,440.0,1756.0,1501.0,10110.0,250.0,1.0,1.0,1.0,1.0,1.0,1.0,1.0,1.0,1.0,1.0,1.0,1.0,1.0,1.0,1.0,1.0,1.0,1.0,1.0,1.0,1.0,1.0,1.0,1.0,1.0,1.0,Overall,2023-24,2023-24,82.0,50.0,32.0,0.61,3941.0,3535.0,7352.0,0.481,1197.0,3242.0,0.369,1397.0,1842.0,0.758,797.0,2724.0,3521.0,2106.0,1027.0,563.0,406.0,331.0,1500.0,1667.0,9664.0,181.0,1.0,1.0,1.0,1.0,1.0,1.0,1.0,1.0,1.0,1.0,1.0,1.0,1.0,1.0,1.0,1.0,1.0,1.0,1.0,1.0,1.0,1.0,1.0,1.0,1.0,1.0,1630169.0,31.0,8.0,15.0,0.533,1.0,5.0,0.2,0.0,0.0,0.0,0.0,3.0,3.0,10.0,4.0,0.0,1.0,0.0,17.0,13.0,1.0
22300893,1610612756,PHX,Phoenix,201142,Kevin Durant,Kevin,F,43.000000:46,14.0,34.0,0.412,3.0,8.0,0.375,4.0,5.0,0.8,0.0,8.0,8.0,5.0,0.0,2.0,2.0,1.0,35.0,14.0,201142.0,2023-24,0.0,1610612756.0,PHX,35.0,75.0,75.0,2791.0,751.0,1436.0,0.523,168.0,407.0,0.413,362.0,423.0,0.856,41.0,454.0,495.0,378.0,69.0,91.0,244.0,133.0,2032.0,201142.0,37.5,9.0,17.0,0.516,1.5,4.0,0.375,5.5,7.0,0.8125,1.0,5.5,6.5,2.5,0.5,2.0,5.5,1.5,25.0,-7.0,1.0,Overall,2023-24,2023-24,82.0,49.0,33.0,0.598,3956.0,3482.0,7063.0,0.493,1020.0,2671.0,0.382,1548.0,1915.0,0.808,831.0,2783.0,3614.0,2218.0,1221.0,610.0,492.0,372.0,1475.0,1612.0,9532.0,251.0,1.0,1.0,1.0,1.0,1.0,1.0,1.0,1.0,1.0,1.0,1.0,1.0,1.0,1.0,1.0,1.0,1.0,1.0,1.0,1.0,1.0,1.0,1.0,1.0,1.0,1.0,Overall,2023-24,2023-24,82.0,57.0,25.0,0.695,3941.0,3610.0,7279.0,0.496,958.0,2560.0,0.374,1240.0,1628.0,0.762,881.0,2762.0,3643.0,2415.0,1036.0,585.0,456.0,394.0,1489.0,1467.0,9418.0,431.0,1.0,1.0,1.0,1.0,1.0,1.0,1.0,1.0,1.0,1.0,1.0,1.0,1.0,1.0,1.0,1.0,1.0,1.0,1.0,1.0,1.0,1.0,1.0,1.0,1.0,1.0,201142.0,36.0,8.0,25.0,0.32,1.0,3.0,0.333,13.0,13.0,1.0,0.0,4.0,4.0,11.0,1.0,3.0,1.0,2.0,30.0,-6.0,1.0
22300893,1610612756,PHX,Phoenix,203994,Jusuf Nurkić,Jusuf,C,29.000000:53,3.0,4.0,0.75,0.0,0.0,0.0,1.0,2.0,0.5,1.0,11.0,12.0,6.0,2.0,2.0,3.0,6.0,7.0,9.0,203994.0,2023-24,0.0,1610612756.0,PHX,29.0,76.0,76.0,2078.0,320.0,627.0,0.51,22.0,90.0,0.244,167.0,261.0,0.64,224.0,613.0,837.0,301.0,81.0,80.0,175.0,254.0,829.0,203994.0,24.5,5.0,10.5,0.519,0.0,1.0,0.0,0.5,1.0,0.25,7.0,13.5,20.5,4.5,0.5,1.0,3.0,2.0,10.5,5.5,1.0,Overall,2023-24,2023-24,82.0,49.0,33.0,0.598,3956.0,3482.0,7063.0,0.493,1020.0,2671.0,0.382,1548.0,1915.0,0.808,831.0,2783.0,3614.0,2218.0,1221.0,610.0,492.0,372.0,1475.0,1612.0,9532.0,251.0,1.0,1.0,1.0,1.0,1.0,1.0,1.0,1.0,1.0,1.0,1.0,1.0,1.0,1.0,1.0,1.0,1.0,1.0,1.0,1.0,1.0,1.0,1.0,1.0,1.0,1.0,Overall,2023-24,2023-24,82.0,57.0,25.0,0.695,3941.0,3610.0,7279.0,0.496,958.0,2560.0,0.374,1240.0,1628.0,0.762,881.0,2762.0,3643.0,2415.0,1036.0,585.0,456.0,394.0,1489.0,1467.0,9418.0,431.0,1.0,1.0,1.0,1.0,1.0,1.0,1.0,1.0,1.0,1.0,1.0,1.0,1.0,1.0,1.0,1.0,1.0,1.0,1.0,1.0,1.0,1.0,1.0,1.0,1.0,1.0,203994.0,33.0,13.0,22.0,0.591,2.0,6.0,0.333,3.0,5.0,0.6,3.0,3.0,6.0,2.0,0.0,2.0,6.0,6.0,31.0,3.0,1.0
22300893,1610612756,PHX,Phoenix,1628960,Grayson Allen,Grayson,G,40.000000:38,9.0,15.0,0.6,8.0,12.0,0.667,2.0,2.0,1.0,1.0,4.0,5.0,4.0,3.0,0.0,0.0,1.0,28.0,20.0,1628960.0,2023-24,0.0,1610612756.0,PHX,28.0,75.0,74.0,2513.0,340.0,682.0,0.499,205.0,445.0,0.461,129.0,147.0,0.878,48.0,247.0,295.0,227.0,69.0,45.0,95.0,157.0,1014.0,1628960.0,35.5,1.5,8.0,0.1665,1.0,6.5,0.143,1.0,1.0,0.5,0.0,2.0,2.0,3.0,1.5,1.0,1.5,2.0,5.0,-11.0,1.0,Overall,2023-24,2023-24,82.0,49.0,33.0,0.598,3956.0,3482.0,7063.0,0.493,1020.0,2671.0,0.382,1548.0,1915.0,0.808,831.0,2783.0,3614.0,2218.0,1221.0,610.0,492.0,372.0,1475.0,1612.0,9532.0,251.0,1.0,1.0,1.0,1.0,1.0,1.0,1.0,1.0,1.0,1.0,1.0,1.0,1.0,1.0,1.0,1.0,1.0,1.0,1.0,1.0,1.0,1.0,1.0,1.0,1.0,1.0,Overall,2023-24,2023-24,82.0,57.0,25.0,0.695,3941.0,3610.0,7279.0,0.496,958.0,2560.0,0.374,1240.0,1628.0,0.762,881.0,2762.0,3643.0,2415.0,1036.0,585.0,456.0,394.0,1489.0,1467.0,9418.0,431.0,1.0,1.0,1.0,1.0,1.0,1.0,1.0,1.0,1.0,1.0,1.0,1.0,1.0,1.0,1.0,1.0,1.0,1.0,1.0,1.0,1.0,1.0,1.0,1.0,1.0,1.0,1628960.0,37.0,5.0,9.0,0.556,1.0,4.0,0.25,2.0,2.0,1.0,0.0,10.0,10.0,3.0,1.0,0.0,0.0,2.0,13.0,-4.0,1.0
